Workbook

Sheet Executive Dashboard
A1: Dialog Axiata PLC - Executive Cybersecurity Risk Dashboard
A3: Public-source analytical assessment - not an internal audit or vulnerability assessment
A5: KPI | B5: Value | D5: Risk Stage | E5: Critical | F5: High | G5: Medium
A6: Total Risks Assessed | B6: =COUNTA('Risk Summary'!A2:A21) -> 20 | D6: Inherent | E6: =COUNTIF('Risk Summary'!E2:E21,"Critical") -> 9 | F6: =COUNTIF('Risk Summary'!E2:E21,"High") -> 11 | G6: =COUNTIF('Risk Summary'!E2:E21,"Medium") -> 0
A7: Enterprise Risks | B7: =COUNTIF('Risk Summary'!C2:C21,"Enterprise") -> 10 | D7: Current Residual | E7: =COUNTIF('Risk Summary'!G2:G21,"Critical") -> 0 | F7: =COUNTIF('Risk Summary'!G2:G21,"High") -> 17 | G7: =COUNTIF('Risk Summary'!G2:G21,"Medium") -> 3
A8: OWASP Top 10:2025 Risks | B8: =COUNTIF('Risk Summary'!C2:C21,"OWASP Top 10:2025") -> 10 | D8: Expected Post-Treatment | E8: =COUNTIF('Risk Summary'!I2:I21,"Critical") -> 0 | F8: =COUNTIF('Risk Summary'!I2:I21,"High") -> 0 | G8: =COUNTIF('Risk Summary'!I2:I21,"Medium") -> 17
A9: Control Gaps | B9: =COUNTA('Gap Summary'!A2:A11) -> 10
A10: Critical Treatment Priorities | B10: =COUNTIF('Risk Summary'!J2:J21,"Critical") -> 8 | D10: Treatment Priority | E10: =COUNTIF('Risk Summary'!J2:J21,"Critical") -> 8 | F10: =COUNTIF('Risk Summary'!J2:J21,"High") -> 11 | G10: =COUNTIF('Risk Summary'!J2:J21,"Medium") -> 1
A13: Management Priority Area | B13: Why It Matters
A14: Secure Software Development Lifecycle | B14: Largest concentrated gap area and directly linked to multiple OWASP Top 10:2025 scenarios.
A15: Identity and Access Governance | B15: Affects data breach, credential compromise, insider risk, broken access control and authentication failure.
A16: Software Supply Chain and Third-Party Assurance | B16: Addresses vendor compromise, dependencies, CI/CD integrity and contractual security responsibilities.
A17: Security Monitoring and Incident Detection | B17: Required to identify malicious activity quickly and support investigation and response.
A18: Cryptographic Governance | B18: Protects sensitive customer and payment information and supports privacy obligations.
A19: Backup, Recovery and Resilience | B19: Reduces operational impact and supports restoration of critical telecommunications and digital services.
A20: Control Effectiveness Measurement | B20: Provides management evidence that security controls are operating and reducing risk as intended.
A23: Control Gap Priority | B23: Count | D23: Metric | E23: Inherent | F23: Current Residual | G23: Expected
A24: Critical | B24: =COUNTIF('Gap Summary'!C2:C11,"Critical") -> 1 | D24: Average Risk Score | E24: =AVERAGE('Risk Summary'!D2:D21) -> 16.8 | F24: =AVERAGE('Risk Summary'!F2:F21) -> 9.7 | G24: =AVERAGE('Risk Summary'!H2:H21) -> 4.85
A25: High | B25: =COUNTIF('Gap Summary'!C2:C11,"High") -> 8 | D25: Critical Risks | E25: =COUNTIF('Risk Summary'!E2:E21,"Critical") -> 9 | F25: =COUNTIF('Risk Summary'!G2:G21,"Critical") -> 0 | G25: =COUNTIF('Risk Summary'!I2:I21,"Critical") -> 0
A26: Medium | B26: =COUNTIF('Gap Summary'!C2:C11,"Medium") -> 1 | D26: High Risks | E26: =COUNTIF('Risk Summary'!E2:E21,"High") -> 11 | F26: =COUNTIF('Risk Summary'!G2:G21,"High") -> 17 | G26: =COUNTIF('Risk Summary'!I2:I21,"High") -> 0
A27: Low | B27: =COUNTIF('Gap Summary'!C2:C11,"Low") -> 0 | D27: Medium/Low Risks | E27: =COUNTIF('Risk Summary'!E2:E21,"Medium")+COUNTIF('Risk Summary'!E2:E21,"Low") -> 0 | F27: =COUNTIF('Risk Summary'!G2:G21,"Medium")+COUNTIF('Risk Summary'!G2:G21,"Low") -> 3 | G27: =COUNTIF('Risk Summary'!I2:I21,"Medium")+COUNTIF('Risk Summary'!I2:I21,"Low") -> 20
A30: Risk Heatmap - Inherent | B30: Impact 1 | C30: Impact 2 | D30: Impact 3 | E30: Impact 4 | F30: Impact 5
A31: Likelihood 5 | B31: 0 | C31: 0 | D31: 0 | E31: 0 | F31: 0
A32: Likelihood 4 | B32: 0 | C32: 0 | D32: 0 | E32: 0 | F32: 8
A33: Likelihood 3 | B33: 0 | C33: 0 | D33: 0 | E33: 3 | F33: 9
A34: Likelihood 2 | B34: 0 | C34: 0 | D34: 0 | E34: 0 | F34: 0
A35: Likelihood 1 | B35: 0 | C35: 0 | D35: 0 | E35: 0 | F35: 0
A36: Note | B36: Counts reflect the current analytical risk scenarios.

Sheet Risk Summary
A1: Risk ID | B1: Risk | C1: Risk Group | D1: Inherent Score | E1: Inherent Rating | F1: Current Residual Score | G1: Current Residual Rating | H1: Expected Post-Treatment Score | I1: Expected Post-Treatment Rating | J1: Treatment Priority
A2: R001 | B2: Customer Data Breach | C2: Enterprise | D2: 20 | E2: Critical | F2: 10 | G2: High | H2: 5 | I2: Medium | J2: High
A3: R002 | B3: Credential Compromise | C3: Enterprise | D3: 20 | E3: Critical | F3: 10 | G3: High | H3: 5 | I3: Medium | J3: High
A4: R003 | B4: Payment Fraud / Compromise | C4: Enterprise | D4: 15 | E4: High | F4: 10 | G4: High | H4: 5 | I4: Medium | J4: High
A5: R004 | B5: DDoS / Service Disruption | C5: Enterprise | D5: 20 | E5: Critical | F5: 10 | G5: High | H5: 5 | I5: Medium | J5: High
A6: R005 | B6: Cloud Misconfiguration | C6: Enterprise | D6: 20 | E6: Critical | F6: 10 | G6: High | H6: 5 | I6: Medium | J6: High
A7: R006 | B7: Application Vulnerability | C7: Enterprise | D7: 20 | E7: Critical | F7: 10 | G7: High | H7: 5 | I7: Medium | J7: Critical
A8: R007 | B8: Phishing / Employee Account Compromise | C8: Enterprise | D8: 12 | E8: High | F8: 8 | G8: Medium | H8: 4 | I8: Low | J8: Medium
A9: R008 | B9: Insider Threat | C9: Enterprise | D9: 15 | E9: High | F9: 10 | G9: High | H9: 5 | I9: Medium | J9: High
A10: R009 | B10: Third-Party / Supply-Chain Compromise | C10: Enterprise | D10: 15 | E10: High | F10: 10 | G10: High | H10: 5 | I10: Medium | J10: High
A11: R010 | B11: Backup / Recovery Failure | C11: Enterprise | D11: 15 | E11: High | F11: 10 | G11: High | H11: 5 | I11: Medium | J11: High
A12: R011 | B12: Broken Access Control | C12: OWASP Top 10:2025 | D12: 20 | E12: Critical | F12: 10 | G12: High | H12: 5 | I12: Medium | J12: Critical
A13: R012 | B13: Security Misconfiguration | C13: OWASP Top 10:2025 | D13: 20 | E13: Critical | F13: 10 | G13: High | H13: 5 | I13: Medium | J13: High
... A21: R020 | B21: Mishandling of Exceptional Conditions | C21: OWASP Top 10:2025 | D21: 12 | E21: High | F21: 8 | G21: Medium | H21: 4 | I21: Low | J21: Critical

Sheet Gap Summary
A1: Gap ID | B1: Control Gap | C1: Priority
A2: GAP-001 | B2: Identity and Access Governance | C2: High
A3: GAP-002 | B3: Secure Configuration Management | C3: High
A4: GAP-003 | B4: Software Supply Chain Security | C4: High
A5: GAP-004 | B5: Cryptographic Governance | C5: High
A6: GAP-005 | B6: Secure Software Development Lifecycle | C6: Critical
A7: GAP-006 | B7: Security Logging, Detection and Alerting | C7: High
A8: GAP-007 | B8: Third-Party Risk Management | C8: High
A9: GAP-008 | B9: Backup and Recovery Assurance | C9: High
A10: GAP-009 | B10: Application Resilience and Exceptional-Condition Testing | C10: Medium
A11: GAP-010 | B11: Security Control Effectiveness Measurement | C11: High
